,channel_id,channel_title,channel_description,creation_date,view_count,video_count,number_subscriber
1,UC2avy3Pwc3yVtt-tPKJn33A,ma ferme autonome,"Produire sa nourriture et son √©nergie. S'approvisionner en eau sans √™tre raccord√© au r√©seau de distribution. Pratiquer l'artisanat domestique et familial. Etc. Vous trouverez ici des vid√©os diverses sur la mani√®re de vivre dans une ferme autonome, sans avoir besoin de consommer et en produisant vous-m√™me ce dont vous avez besoin au quotidien.",2017-10-16 19:58:15,17326781,83,228000
2,UC4EDwdyja1R7-dOKa7J4cGw,La maison en A,"Tout est possible. C‚Äôest ce concept que j‚Äôai voulu prouver, √©prouver, explorer en suivant l‚Äôaventure extraordinaire d‚ÄôElizabeth. 

¬´ La maison en A ¬ª , c‚Äôest la construction d‚Äôune maison en solitaire par une femme de 65 ans avec un budget riquiqui. C‚Äôest aussi un film, une belle aventure humaine pour laquelle j‚Äôai plant√© ma tente sur un chantier pendant 8 mois. Un film pour lequel j‚Äôai consacr√© presque cinq belles ann√©es entre l‚Äô√©criture, le tournage, le montage et la tourn√©e de diffusion. 

Bient√¥t ici des tutoriels pour expliquer sa m√©thode de construction. Soutenez le projet sur la cagnotte Ulule : https://fr.ulule.com/la-maison-en-a/

Vous trouverez plein de ressources et d'outils pour aller plus loin dans l'exploration de ce projet ici: https://linktr.ee/Lamaisonena",2021-05-24 07:42:31.383795,397014,34,8110
3,UC4peNo-31r7fhQZgu0_JRIA,Sheshounet,"Je suis Sheshounet et le contenu que je propose est immature.
J'ai commenc√© les vid√©os en 2006 (sur Google.Video et Dailymotion) avec Kevin le roxxor, j'ai aussi produit divers tests, des courts-m√©trages et des coups de putes.
J'ai fait un passage chez Jeuxvideo.com et Millenium.org, d'o√π mon professionnalisme exemplaire.
Depuis 2016 Youtube n'est qu'un hobbie, du coup je fais de la qualit√©.",2018-12-27 20:03:38.5395,135080039,196,840000
4,UC7D9Q0WzEejlgdXywAgz79A,R√©ussite Critique,"Mahyar, auteur, justicier, mercenaire. Au service du gamedesign et de l'imaginaire.",2016-01-17 09:49:20,5994913,151,83800
5,UC84tRKkdLdEC00mRWKN_ZSQ,SARGH06,,2015-05-18 18:14:47,267028,119,1420
6,UC8qxftC5pwxJZsfuLrlClJA,750g,"La cha√Æne 750g, c'est la cha√Æne CUISINE avec des recettes de cuisine, des techniques, des astuces et des conseils, anim√©e par nos chefs Damien et Christophe. Des recettes simples aux recettes sophistiqu√©es, 750g est LA cha√Æne √† suivre pour progresser et s'amuser en cuisine !

Abonnez-vous √† la cha√Æne 750g et ne ratez aucune de nos vid√©os !
http://www.youtube.com/subscription_center?add_user=750grammes",2014-06-02 12:23:21,368146747,2786,1360000
7,UC91cRUSzWT0nL66FhKHciIQ,Primitive Pathways,"Share the adventures of the forgotten past with Billy Berger.  Creative, professional quality videos will both educate and entertain.  Also check out my website (https://primitivepathways.com), link is below, for lots of unique primitive items that make great gifts for yourself or someone else.  I'll be uploading new content regularly, as well as producing more primitive DVD's in the near future, so don't go too far.  Enjoy my videos, check out the website, and most importantly, get out there and practice those primitive skills so they're preserved and not forgotten.  Long live the Stone Age!",2017-10-17 20:29:01,28089931,156,115000
8,UCAL3JXZSzSm8AlZyD3nQdBA,Primitive Technology,"Primitive technology is a hobby where you build things in the wild completely from scratch using no modern tools or materials. These are the strict rules: If you want a fire, use a fire stick - An axe, pick up a stone and shape it - A hut, build one from trees, mud, rocks etc. The challenge is seeing how far you can go without utilizing modern technology. I do not live in the wild, but enjoy building shelter, tools, and more, only utilizing natural materials. To find specific videos, visit my playlist tab for building videos focused on pyrotechnology, shelter, weapons, food & agriculture, tools & machines, and weaving & fiber.

FAQ
Q.Where is this? 
A.This is in Far North Queensland Australia.
Q.Do you live in the wild?
A.I don't live in the wild but just go into the bush to make these projects. Also I camp out here occasionally.
Q.How did you learn all this?
A.Researching books and internet plus trial and error. I'm not indigenous and have no army training.

Check out my blog below.",2016-01-19 20:31:45,997862382,51,10300000
9,UCC1Tdag0L4dfOEDAsWW6TvQ,Nassim Sahili,"Ici, on parle de musculation, de di√©t√©tique et de d√©veloppement personnel !
Abonne toi vite pour ne pas manquer les prochaines vid√©os ;)",2015-09-12 21:00:44,87741028,375,713000
10,UCCMxHHciWRBBouzk-PGzmtQ,Bazar du Grenier,"La cha√Æne ""fourre tout"" du grenier ! 
- Cin√©ma
- Jeux de r√¥les
- Let's play
- Reviews de jeux !",2015-04-27 11:26:21,812245851,1350,1800000
11,UCCXLxvDGtuTumtqd-w01-DA,Breathwood,"This is the Youtube home of David Yates, a didgeridoo player and teacher, multi-instrumentalist, dancer and facilitator living in Vancouver, BC, Canada. Teaching is one of his passions, so no request is too small, no concept, tip, trick, or technique too inconsequential to learn. Contact him about performances, demos, lessons, classes, skype lessons, or any other questions related to didgeridoo specifically and music in general!

Past performances have included opening for the Desert Dwellers in Vancouver (with Raghunath Khe), Starbelly Jam, Concordia University of Alberta, Just Dance, Global TV, and more!",2017-03-26 13:15:13,1031266,165,11800
13,UCDYVDDEHh-l_la4qREvLTyg,piero 83,,2015-04-24 15:04:25,59570,32,266
14,UCEZAl0LQrixylf6jrktlabg,Wakademy | √âcole de didgeridoo,"Ici, on parle didgeridoo ! 
Avec Wakademy, mon but est de vous montrer comment progresser au didgeridoo en utilisant l'observation, l'analyse et l'intuition. Je vous donne donc des conseils pratiques mais aussi des rythmes √† travailler. 

Wakademy est mon √©cole de didgeridoo, vous trouverez sur le site beaucoup d'autres infos qui ne sont pas forc√©ment sur Youtube comme, des cours gratuits ou des formations compl√®tes pour approfondir vos connaissances !  

Vous trouverez aussi un lien dans l'onglet ""Chaine"" vers ma chaine Youtube consacr√©e enti√®rement √† ma musique !

Longue vie au souffle !",2016-10-16 10:42:48,372755,40,5930
15,UCFKDEp9si4RmHFWJW1vYsMA,EthosLab,"Minecraft let's plays and other Minecraft videos. Hello, and welcome to my channel. I forget to edit this to say something even more original.

Special Thanks To:
LtheHedgehog: Video Intros
Raid3r: Video Intro
TiggyLi: Channel Banner
DavyBhoyProductions: Channel Icon

Video Recording & Editing:
Video/Audio is captured using OBS Studio and edited using DaVinci Resolve v15 to a 1920x1080 60FPS MP4.

Recording Mic:
AT2035 XLR with 2nd Gen Scarlett Solo audio interface.

Computer Specs:
Intel i7 (9700) 3GHz Processor
GeForce RTX 2060
16 GB DDR4 Ram
240 GB Solid State & 2 TB Hard Drive
Windows 10 64-bit",2012-10-21 12:59:36,840511900,2441,2370000
17,UCHyxustj5PwgOJY0k--kkKw,Luke McLaughlin,"Luke McLaughlin is a naturalist, teacher, ReWilding mentor, survivalist, and founder of Holistic Survival School (HSS) located near Asheville, NC. He has committed his life to mastering and teaching ancestral and indigenous living skills in order to help people find their balance and connection to the Natural World. For the last seven years, Luke has mentored hundreds of people in the wilderness and has witnessed first hand how nature connection helps bring about growth, health, and vitality to everyone‚Äôs life. Luke believes that it is every human‚Äôs birthright to have a deep physical, emotional, and spiritual connection to our Earth. Luke demonstrated his primitive skills and survival abilities on the Discovery Channel‚Äôs shows, ‚ÄúNaked and Afraid‚Äù and ‚ÄúNaked and Afraid: XL""",2017-09-15 15:18:36,167409,24,2920
20,UCNM-UkIP1BL5jv9ZrN5JMCA,Caljbeut,"Bienvenue au royaume de l'humour raffin√© de Caljbeut.
Des cartoons humoristiques pour public averti.
Politique, actualit√©s, sujets de soci√©t√© ou d√©lire pure et simple, il y en a pour tout les (mauvais) go√ªts...

Facebook : https://www.facebook.com/CaljbeutCartoonsTrashs
Tipeee : https://www.tipeee.com/caljbeut-cartoons-trashs
Twitter : https://twitter.com/caljbeut",2016-02-18 12:53:44,68596980,83,573000
21,UCOUtDNm-8Td8AaJvMLxujtg,Neuro,"We bear realtime witness to the evolution of streaming from merely entertainment and propagation of memes to education and discussion of ideas at large. Swarms of intelligent beings have available to them a space for discourse, a haven of acceptance and harmony, a club vibrating with technodancemusic, alongside grandmaster level Zerg. Life is short, thus every moment is precious and can offer us a lesson. Rather than complain about the state of affairs or echo negative lines of thinking present in the esports community, we challenge one another to think broadly from a global human perspective--not limited by categorical thinking, tribalism, in-group/out-group. We are the most intelligent species on the planet and should leverage the full cognitive capacity of our being. Let us commence.",2021-11-18 18:23:13.952371,3842097,1381,18500
22,UCR9Gcq0CMm6YgTzsDxAxjOQ,Grian,"This channel focuses on gaming (specifically minecraft) content aimed at a general audience. I build minecraft houses and make minecraft house tutorials along with everything else minecraft. If you want to learn how to build minecraft houses, or like hermitcraft, check out my videos. If you want to learn how to build in minecraft this is the place for you!

Safety Disclaimer: I never add viewers on any personal accounts, such as Discord. Please be wary who you add on Discord, Skype or other instant messaging programs! Also never comment your personal contact information such as Skype, discord or e-mail address on my videos. Please be safe online! If you think you have me added on skype or another platform IT IS NOT ME. I don't use alt accounts, I only use my main, linked accounts.",2018-07-25 06:55:56.817391,1854584443,653,7360000
23,UCU9pX8hKcrx06XfOB-VQLdw,xisumavoid,"I cover Minecraft's updates through Snapshot videos and I make Hermitcraft episodes on the regular, In the past I was better known for my hundreds of minecraft tutorials or myth busting.

Livestreams: https://www.twitch.tv/xisuma
Second Channel: https://www.youtube.com/c/xisumatwo
Xisuma Says: https://www.youtube.com/c/xisumasays
Xisuma Music: https://www.youtube.com/channel/UCw3e5HIQiYc7p1bEpOtEkog
Music Blogs: https://xisuma.blogspot.co.uk/

Game developers, I am always interested in checking out new games to play! feel free to send me a code via my business email :-)",2019-06-17 20:29:52.047327,493257675,3296,1760000
24,UCUR03ZSZlEvCO6EWwv4jU2w,Absol Vid√©os,"Vid√©aste normand de 28 ans g√©rant 2 cha√Ænes YouTube : cette cha√Æne principale sur laquelle je publie des documentaires amateurs et des interviews, et ma cha√Æne secondaire ""Absol Human"" sur laquelle je publie principalement des parties d'√©checs contre d'autres YouTubeurs, streameurs, mais aussi de grands joueurs reconnus : https://www.youtube.com/AbsolHuman

Cha√Æne Twitch : https://www.twitch.tv/absolhuman

Serveur Discord : https://discord.com/invite/GNmtN5z

Instagram : http://instagram.com/absol_videos

Facebook : https://www.facebook.com/Absol.Videos

Twitter : https://twitter.com/Absol_Videos

Pour me soutenir financi√®rement avec des dons :
Ma page Tipeee : https://www.tipeee.com/absol-videos
Ma page uTip : https://www.utip.io/absolvideos

Pour me contacter : absol.videos@gmail.com (ou via la messagerie de ma page Facebook)",2016-10-21 05:23:57,45447441,178,396000
25,UCWtD8JN9hkxL5TJL_ktaNZA,Grand Angle,"Grand Angle, c'est une vid√©o de vulgarisation toutes les semaines pour comprendre l'√©conomie et l'immobilier.

L'objectif de cette cha√Æne est de donner une vision globale de l'√©conomie avec un peu d'humour.

Que trouveras-tu ici ? Des bonnes playlists valent mieux qu'un long discours :
Business Model : üëâhttp://bit.ly/GA-Business-model
√âconomie : üëâhttp://bit.ly/GA-Base-√©co
Immobilier : üëâhttp://bit.ly/GA-Immobilier
Devises : üëâhttp://bit.ly/GA-La-monnaie
Actualit√©s : üëâhttp://bit.ly/GA-Actualit√©s

üîπCha√Æne Grand Angle - √âconomie, Immobilier, Investissements & √âpargne
üëâ https://www.youtube.com/c/GrandAngle2017

üî∏Cha√Æne Grand Angle - Crypto
üëâ https://www.youtube.com/channel/UCT5FYQ_io06t7aY8rShgzvA/

üéôÔ∏èCha√Æne Grand Angle - Entrepreneur
üëâ https://www.youtube.com/channel/UCyNIdzSgqR-Ls1wlrf3KXgQ

Site :
üëâhttps://grandangleeco.com/

Twitter :
üëâhttp://bit.ly/2okD8MK

Facebook :
üëâhttp://bit.ly/2pPxQZM

√Ä bient√¥t !",2019-09-30 05:28:59.63886,22625130,439,161000
26,UCWty1tzwZW_ZNSp5GVGteaA,La statistique expliqu√©e √† mon chat,"""La statistique expliqu√©e √† mon chat"", c'est fini.

Pour contacter Nathan (narration et script) : chatsceptique@gmail.com
Pour contacter Laura (graphisme et animation) : maugeri.laura90@gmail.com
Pour contacter Gwena√´l (composition) : grisi_gwenael@yahoo.fr",2017-02-19 09:24:12,6237836,21,223000
27,UCXJasFdYGWkB-7ObGJL4Ytg,Lucas Gouiffes,Bodybuilder Naturel Fran√ßais.,2015-11-13 20:34:00,15462615,528,90500
28,UCYbru-MPO1xjes4FVn61JUQ,Shawn Woods,"""If You Build A Better Mousetrap The World Will Beat A Path To Your Door"". 
On this youtube channel we test out a new mouse trap every Monday. 

I test out pest control products and provide recommendations - ""As an Amazon Associate I earn from qualifying purchases""",2017-07-29 17:25:29,425491543,715,1630000
30,UCZ9x-z3iOnIbJxVpm1rsu2A,iskall85,"Hi!
Welcome to my YouTube channel, as a proud member of HermitCraft, founder of FoolCraft and member of the MSI Gaming Team, I enjoy playing videeeo games!

Hardware:
MSI Iskallium CUBE
Intel i7-8700k
MSI LIGHTNING Z GeForce GTX1080ti 
MSI Gaming Pro Carbon Z370
32GB RAM
1TB SSD 
3TB HDD
Mouse: Steel Series Rival 700 (400 dpi)
Keys: Steel Series Apex Gaming Keyboard (non-mech)


Microphone: Blue Yeti
Recording Software: Playclaw
Editing: Vegas",2019-09-20 18:03:06.477163,267143507,1754,1600000
32,UC_yP2DpIgs5Y1uWC0T03Chw,Joueur Du Grenier,Test de jeux √† la con !,2013-06-08 11:06:43,968712523,146,3640000
33,UCaNlbnghtwlsGF-KzAFThqA,ScienceEtonnante,"Des vid√©os pour raconter la science √©tonnante, amusante, passionnante et stup√©fiante !

Retrouvez moi aussi sur mon blog ""Science √©tonnante"" http://sciencetonnante.wordpress.com
Soutenez-moi sur Tipeee : https://www.tipeee.com/science-etonnante",2015-11-16 22:03:05,90255397,110,1170000
34,UCaOJMsgk3Z29fyUAkEQTdhg,Bill Silverlight,"La cha√Æne suit les aventures de Bill Silverlight dans le monde des jeux-vid√©o. Un accent particulier sur les jeux cr√©atifs tels que Planet Coaster/Zoo, Cities Skylines, Minecraft etc. mais √©galement de nombreux autres jeux, qu'ils soient de strat√©gie, de simulation, ou simplement des jeux funs entre amis.
Vous aurez √©galement l'occasion de d√©couvrir de nouveaux jeux dans des pr√©sentations, des interviews, des couvertures d'events...

Adresse de contact : contact [a] languagecraft.tv",2013-08-13 21:53:22,50425156,2578,263000
35,UCbZAzSjyPkd11p8_0q33ggg,SEB SPEARIT,Chaine d√©di√©e aux sorties en mer entre passionn√©s de la grande bleue sous toutes ses formes mais essentiellement en apn√©e ;),2015-04-20 16:21:23,187798,70,1190
36,UCcliHNE38fJ4n4gYYB0TCQw,Durendal1,Les critiques cin√©ma de Durendal !,2015-03-31 20:11:14,137339039,1086,306000
37,UChFur_NwVSbUozOcF_F2kMg,Mumbo Jumbo,"My name is Oli, also known as Mumbo Jumbo and I make videos on the popular voxel based game 'Minecraft'. I focus mainly on the technical elements of the game, doing tutorials on various elements of redstone to try and make you better, and hopefully give you something you can show off to your friends.  I also have a long running Vanilla Survival Let's Play series on the well known Hermitcraft server. 

MY TWITTER: @ThatMumboJumbo

MY INSTAGRAM: @OfficialMumbo",2014-10-30 20:53:59,2575455172,1969,8090000
38,UChKMRHxLETrj_5JjiqExD1w,Kemar,King,2015-02-03 19:21:38,128642053,112,1330000
39,UChUP6B_3zcdFYZnOdMM21og,Survival Skills Primitive,"My Goal is to educate people in the art and skill of living with nature. Whether you are interested in living completely off the land, or you are just a weekend hobbyist. I want you to feel as comfortable as possible that you have the knowledge and the ability to handle any situation the great outdoors presents you with, as our ancestors did. I want you to be free from dependence on modern conveniences and confident in your ability to survive and thrive in any wilderness situation.",2017-08-24 17:36:03,257614228,129,1260000
40,UCkjJda7HO1WVVhUsMrDmYuA,StudioUha,"Studio Uha!, ce sont deux fiers larrons shoot√©s √† la vid√©o qui vont vous botter le cul √† coups de micro-s√©ries chatoyantes.
Retrouvez-nous sur www.facebook.com/StudioUha",2015-02-13 15:13:44,4916416,52,51600
41,UCm0f2zUj2eSEKfH8IpyHV3Q,Beardbrand,"Since 2012, Beardbrand has been dedicated to providing educational and inspirational content to help men Keep on Growing. Our line of highly versatile grooming products for beard, hair, and skin supports an ever-growing online community that includes more than 1,000,000 YouTube Subscribers. 

With over 1,000 videos related to beards, men‚Äôs grooming, and lifestyle, you‚Äôre sure to find something on our channel to help you grow. New content is released weekly and features some of the most legendary barbers on YouTube. 

For beard, hair, and style tutorials, self-improvement, and inspiration, check out our second channel, Beardbrand Alliance, over at www.youtube.com/beardbrandalliance.

Subscribe, comment, and welcome to the community. 

Visit www.beardbrand.com to learn more.

Keep on Growing.",2016-12-10 14:41:49,405105260,1487,1840000
42,UCo0U1tbk3YbqiLDhkeWOviQ,Bob Lennon,"Attention : Cha√Æne de jeux ne convenant pas √† des enfants. Beaucoup de nos jeux sont 18+ et nous nous exprimons sans retenue.

Autrefois, Fanta et Bob vivaient dans l'univers √©pique du jeu vid√©o. Deux amis aux personnalit√©s oppos√©es qui pourtant s'adorent. 
D√©sormais, seul Bob fait du contenu sur cette chaine. Mais l'esprit du Fanta demeure,  et ne nous souhaitons que vous transmettre deux choses : notre passion pour les bons jeux et notre bonne humeur l√©gendaire.
Vous √™tes formidables !

Important : Je lis vos commentaires, c'est la dissidence. Soyez sympas envers les-un-les-autres !!

ENGLISH : You want us to show your game on our channel ? Contact us, we speak english too. Please ignore fake key query from fakes. We are not begging for keys but you can send us your game keys or sponsored coverage offers using the only legit mail down there.",2017-10-31 14:01:16,953188378,4212,2020000
43,UCpExuV8qJMfCaSQNL1YG6bQ,Better Than Yesterday,"I'm someone who likes reading great books and exploring new ideas.
This channel is where I break down whatever I've learned, and explain it in simple words. 
All the videos are accompanied by cartoon images, making the ideas easier to remember, so people can benefit from them long term.
I draw from different fields, such as psychology, philosophy, biology, and many others, but every single topic falls under the personal growth umbrella.
The main purpose of my videos is to make you better than yesterday, no matter how small of an improvement it is.

However it should be noted that I'm a one-man army, and I don't create videos full time either.
For those reasons, the videos often take me a while to produce and you shouldn't expect new content too often. 
New videos once in a blue moon! :)",2021-12-21 07:45:51.193198,68988028,90,1750000
44,UCpcZA7EQE39_qM6q8wAqS1g,olivier04 vannerie sauvage et bois,"Vannerie sauvage, artisanat bois, sculptures √† la tron√ßonneuse....plein d'infos sur mes cr√©ations, des tutoriels, les mati√®res premi√®res ,les produits en ventes, la vie de ma petite entreprise et ma vie d'artisan amoureux du bois :)",2017-09-22 06:49:42,2057689,234,13300
46,UCsKge7hBsxIDeLzP1Gr-uYg,Rudy Coia,"Bienvenue sur ma cha√Æne Youtube destin√©e aux pratiquants de musculation sans dopage.

Pendant de nombreuses ann√©es, je me suis mal entra√Æn√©, je me suis aliment√© al√©atoirement, suivant les conseils de pratiquants dop√©s pour finir par m'apercevoir que ceux-ci ne s'appliquaient pas, dans la majorit√© des cas aux pratiquants naturels. J'ai subi de nombreuses blessures, fait un nombre incalculable d'erreur.

C'est la raison qui m'a pouss√© √† ouvrir cette cha√Æne afin de vous partager mon exp√©rience personnelle et de coach depuis 2006 et plusieurs milliers d'√©l√®ves via https://www.rudycoia.com 

Je suis √©galement le fondateur du site https://www.SuperPhysique.org destin√© uniquement aux pratiquants de musculation sans dopage o√π vous retrouverez des articles, des forums, des podcasts...

Ainsi, chaque dimanche √† 10h30, je publie une vid√©o afin de vous aider √† √©viter les erreurs que j'ai pu faire et √† ne pas perdre de temps. 

J'esp√®re que celles-ci vous aideront.

Rudy",2014-10-18 10:38:27,26662695,576,103000
47,UCsM4_jihNFYe4CtSkXvDR-Q,permaculture agro√©cologie etc...,"De nombreuses vid√©os avec de la permaculture, de l'agro√©cologie, des id√©es, de l'autonomie, de l'√©cologie, un peu de jardinage, un zeste de construction, des tutoriels, du potager, de la for√™t, quelques bafouilles, des montages vid√©os approximatifs et du Etc... voil√† !",2018-03-31 14:36:38.366062,43223526,295,359000
